[{"_allAttributes":null,"_properties":null,"_methods":null,"file":"/Users/fadharsh/Downloads/TinyPOC-integration-new/force-app/main/default/lwc/knowledgeArticleCategory/knowledgeArticleCategory.js","metadata":{"decorators":[{"type":"api","targets":[{"type":"property","name":"recordId","value":{"type":"unresolved"}}]},{"type":"wire","targets":[{"name":"wiredResponse","adapter":{"name":"getKnowledgeArticle","reference":"@salesforce/apex/KnowledgeController.getKnowledgeArticle"},"type":"method","static":{},"params":{"knowledgeId":"recordId"}}]}],"declarationLoc":{"start":{"line":9,"column":0},"end":{"line":85,"column":1}},"classMembers":[{"type":"property","name":"recordId","loc":{"start":{"line":11,"column":4},"end":{"line":11,"column":18}},"decorator":"api","value":{"type":"unresolved"}},{"type":"property","name":"knowledgeObj","loc":{"start":{"line":12,"column":4},"end":{"line":12,"column":22}}},{"type":"property","name":"knowledgeCategory","loc":{"start":{"line":13,"column":4},"end":{"line":13,"column":27}}},{"type":"property","name":"isEditable","loc":{"start":{"line":14,"column":4},"end":{"line":14,"column":23}}},{"type":"property","name":"showReadOnlyMsg","loc":{"start":{"line":15,"column":4},"end":{"line":15,"column":28}}},{"type":"method","name":"wiredResponse","loc":{"start":{"line":17,"column":4},"end":{"line":32,"column":5}},"decorator":"wire"},{"type":"method","name":"handleValueChange","loc":{"start":{"line":49,"column":4},"end":{"line":52,"column":5}}},{"type":"method","name":"handleSave","loc":{"start":{"line":54,"column":4},"end":{"line":79,"column":5}}},{"type":"method","name":"renderedCallback","loc":{"start":{"line":81,"column":4},"end":{"line":83,"column":5}}}],"exports":[{"type":"ExportDefaultDeclaration"}]},"updatedAt":"2022-10-18T19:33:09.673Z"},{"_allAttributes":null,"_properties":null,"_methods":null,"file":"/Users/fadharsh/Downloads/TinyPOC-integration-new/force-app/main/default/lwc/knowledgeCategory/knowledgeCategory.js","metadata":{"decorators":[{"type":"api","targets":[{"type":"property","name":"categoryList","value":{"type":"unresolved"}},{"type":"property","name":"knowledgeObj","value":{"type":"unresolved"}},{"type":"property","name":"knowledgeCategoryList","value":{"type":"unresolved"}},{"type":"property","name":"columns","value":{"type":"unresolved"}},{"type":"property","name":"isEditable","value":{"type":"unresolved"}}]},{"type":"wire","targets":[{"name":"wiredResponse","adapter":{"name":"getCategoryList","reference":"@salesforce/apex/KnowledgeController.getCategoryList"},"type":"method"}]},{"type":"track","targets":[{"name":"categoryListHirerachy","type":"property"}]}],"declarationLoc":{"start":{"line":14,"column":0},"end":{"line":76,"column":1}},"classMembers":[{"type":"property","name":"categoryList","loc":{"start":{"line":15,"column":4},"end":{"line":15,"column":22}},"decorator":"api","value":{"type":"unresolved"}},{"type":"property","name":"knowledgeObj","loc":{"start":{"line":16,"column":4},"end":{"line":16,"column":22}},"decorator":"api","value":{"type":"unresolved"}},{"type":"property","name":"knowledgeCategoryList","loc":{"start":{"line":17,"column":4},"end":{"line":17,"column":31}},"decorator":"api","value":{"type":"unresolved"}},{"type":"property","name":"columns","loc":{"start":{"line":18,"column":4},"end":{"line":18,"column":34}},"decorator":"api","value":{"type":"unresolved"}},{"type":"property","name":"isEditable","loc":{"start":{"line":19,"column":4},"end":{"line":19,"column":20}},"decorator":"api","value":{"type":"unresolved"}},{"type":"property","name":"categoryListHirerachy","loc":{"start":{"line":20,"column":4},"end":{"line":20,"column":33}},"decorator":"track"},{"type":"property","name":"parentChildMap","loc":{"start":{"line":21,"column":4},"end":{"line":21,"column":19}}},{"type":"property","name":"parentMap","loc":{"start":{"line":22,"column":4},"end":{"line":22,"column":26}}},{"type":"property","name":"rowList","loc":{"start":{"line":23,"column":4},"end":{"line":23,"column":17}}},{"type":"method","name":"wiredResponse","loc":{"start":{"line":25,"column":4},"end":{"line":38,"column":5}},"decorator":"wire"},{"type":"method","name":"createGridData","loc":{"start":{"line":40,"column":4},"end":{"line":43,"column":5}}},{"type":"method","name":"generateTreeGridData","loc":{"start":{"line":45,"column":4},"end":{"line":55,"column":5}}},{"type":"method","name":"clickToExpandAll","loc":{"start":{"line":57,"column":4},"end":{"line":60,"column":5}}},{"type":"method","name":"clickToCollapseAll","loc":{"start":{"line":62,"column":4},"end":{"line":65,"column":5}}},{"type":"method","name":"renderedCallback","loc":{"start":{"line":67,"column":4},"end":{"line":74,"column":5}}}],"exports":[{"type":"ExportDefaultDeclaration"}]},"updatedAt":"2022-10-18T23:19:59.708Z"}]