{
  "serverMaxRevisionCounter": 734,
  "sourceMembers": {
    "ListView__Knowledge__c.All": {
      "serverRevisionCounter": 29,
      "lastRetrievedFromServer": null,
      "memberType": "ListView",
      "isNameObsolete": false
    },
    "ListView__Category__c.All": {
      "serverRevisionCounter": 99,
      "lastRetrievedFromServer": null,
      "memberType": "ListView",
      "isNameObsolete": false
    },
    "CustomField__Category__c.ParentCategory__c": {
      "serverRevisionCounter": 12,
      "lastRetrievedFromServer": null,
      "memberType": "CustomField",
      "isNameObsolete": false
    },
    "CustomField__KnowledgeCategory__c.CategoryId__c": {
      "serverRevisionCounter": 20,
      "lastRetrievedFromServer": null,
      "memberType": "CustomField",
      "isNameObsolete": false
    },
    "CustomField__KnowledgeCategory__c.KnowledgeId__c": {
      "serverRevisionCounter": 25,
      "lastRetrievedFromServer": null,
      "memberType": "CustomField",
      "isNameObsolete": false
    },
    "Profile__Admin": {
      "serverRevisionCounter": 98,
      "lastRetrievedFromServer": null,
      "memberType": "Profile",
      "isNameObsolete": false
    },
    "Layout__Knowledge__c-Knowledge Layout": {
      "serverRevisionCounter": 5,
      "lastRetrievedFromServer": null,
      "memberType": "Layout",
      "isNameObsolete": false
    },
    "Layout__Category__c-Category Layout": {
      "serverRevisionCounter": 13,
      "lastRetrievedFromServer": null,
      "memberType": "Layout",
      "isNameObsolete": false
    },
    "Layout__KnowledgeCategory__c-KnowledgeCategory Layout": {
      "serverRevisionCounter": 26,
      "lastRetrievedFromServer": null,
      "memberType": "Layout",
      "isNameObsolete": false
    },
    "CustomObject__Knowledge__c": {
      "serverRevisionCounter": 61,
      "lastRetrievedFromServer": null,
      "memberType": "CustomObject",
      "isNameObsolete": false
    },
    "CustomObject__Category__c": {
      "serverRevisionCounter": 94,
      "lastRetrievedFromServer": null,
      "memberType": "CustomObject",
      "isNameObsolete": false
    },
    "CustomObject__KnowledgeCategory__c": {
      "serverRevisionCounter": 24,
      "lastRetrievedFromServer": null,
      "memberType": "CustomObject",
      "isNameObsolete": false
    },
    "CustomTab__Knowledge__c": {
      "serverRevisionCounter": 27,
      "lastRetrievedFromServer": null,
      "memberType": "CustomTab",
      "isNameObsolete": false
    },
    "CustomTab__Category__c": {
      "serverRevisionCounter": 97,
      "lastRetrievedFromServer": null,
      "memberType": "CustomTab",
      "isNameObsolete": false
    },
    "FlexiPage__Category": {
      "serverRevisionCounter": 173,
      "lastRetrievedFromServer": null,
      "memberType": "FlexiPage",
      "isNameObsolete": false
    },
    "FlexiPage__Knowledge": {
      "serverRevisionCounter": 62,
      "lastRetrievedFromServer": null,
      "memberType": "FlexiPage",
      "isNameObsolete": false
    },
    "CustomField__Knowledge__c.Version_Number__c": {
      "serverRevisionCounter": 4,
      "lastRetrievedFromServer": null,
      "memberType": "CustomField",
      "isNameObsolete": false
    },
    "ApexClass__FileUploadService": {
      "serverRevisionCounter": 181,
      "lastRetrievedFromServer": 181,
      "memberType": "ApexClass",
      "isNameObsolete": false
    },
    "ApexClass__KnowledgeController": {
      "serverRevisionCounter": 701,
      "lastRetrievedFromServer": 701,
      "memberType": "ApexClass",
      "isNameObsolete": false
    },
    "ApexClass__KnowledgeService": {
      "serverRevisionCounter": 712,
      "lastRetrievedFromServer": 712,
      "memberType": "ApexClass",
      "isNameObsolete": false
    },
    "StaticResource__TinyMCE": {
      "serverRevisionCounter": 721,
      "lastRetrievedFromServer": 721,
      "memberType": "StaticResource",
      "isNameObsolete": true
    },
    "StaticResource__TinyPremium": {
      "serverRevisionCounter": 722,
      "lastRetrievedFromServer": 722,
      "memberType": "StaticResource",
      "isNameObsolete": true
    },
    "LightningComponentBundle__knowledgeArticleCategory": {
      "serverRevisionCounter": 731,
      "lastRetrievedFromServer": 731,
      "memberType": "LightningComponentBundle",
      "isNameObsolete": false
    },
    "LightningComponentBundle__knowledgeCategory": {
      "serverRevisionCounter": 717,
      "lastRetrievedFromServer": 717,
      "memberType": "LightningComponentBundle",
      "isNameObsolete": false
    },
    "LightningComponentResource__knowledgeCategory/knowledgeCategory.js-meta.xml": {
      "serverRevisionCounter": 720,
      "lastRetrievedFromServer": 720,
      "memberType": "LightningComponentResource",
      "isNameObsolete": false
    },
    "LightningComponentResource__knowledgeCategory/knowledgeCategory.html": {
      "serverRevisionCounter": 718,
      "lastRetrievedFromServer": 718,
      "memberType": "LightningComponentResource",
      "isNameObsolete": false
    },
    "LightningComponentResource__knowledgeCategory/knowledgeCategory.js": {
      "serverRevisionCounter": 719,
      "lastRetrievedFromServer": 719,
      "memberType": "LightningComponentResource",
      "isNameObsolete": false
    },
    "LightningComponentResource__knowledgeArticleCategory/knowledgeArticleCategory.js": {
      "serverRevisionCounter": 732,
      "lastRetrievedFromServer": 732,
      "memberType": "LightningComponentResource",
      "isNameObsolete": false
    },
    "LightningComponentResource__knowledgeArticleCategory/knowledgeArticleCategory.js-meta.xml": {
      "serverRevisionCounter": 733,
      "lastRetrievedFromServer": 733,
      "memberType": "LightningComponentResource",
      "isNameObsolete": false
    },
    "LightningComponentResource__knowledgeArticleCategory/knowledgeArticleCategory.html": {
      "serverRevisionCounter": 734,
      "lastRetrievedFromServer": 734,
      "memberType": "LightningComponentResource",
      "isNameObsolete": false
    },
    "CustomField__Knowledge__c.Status__c": {
      "serverRevisionCounter": 236,
      "lastRetrievedFromServer": null,
      "memberType": "CustomField",
      "isNameObsolete": false
    }
  }
}